"","SNP1","rsID.1","MAF1","rsID.2","MAF2","SNP2","P.value","Beta","minGCC","Gene","Probe","EIID","EID"
"1","8:18885955","rs10104492",0.28415961305925,"rs12451549",0.102888086642599,"17:46875212",1.72148e-11,0.1731,3,"CSHL1","17:59341967","hic_1_4837","hic_1"
"2","2:30967126","rs1862959",0.201898734177215,"rs10500890",0.181203931203931,"11:21075311",2.24329e-13,0.18653,3,"APOD","3:196777220","hic_1_1090","hic_1"
